Date,Start (ET),Visitor/Neutral,PTS,Home/Neutral,PTS,,,Attend.,Notes
Tue Oct 22 2019,8:00p,Pelicans,122,Raptors,130,Box Score,OT,20787,
Tue Oct 22 2019,10:30p,Lakers,102,Clippers,112,Box Score,,19068,
Wed Oct 23 2019,7:00p,Bulls,125,Hornets,126,Box Score,,15424,
Wed Oct 23 2019,7:00p,Pistons,119,Pacers,110,Box Score,,17923,
Wed Oct 23 2019,7:00p,Cavaliers,85,Magic,94,Box Score,,18846,
Wed Oct 23 2019,7:30p,Timberwolves,127,Nets,126,Box Score,OT,17732,
Wed Oct 23 2019,7:30p,Grizzlies,101,Heat,120,Box Score,,19600,
Wed Oct 23 2019,7:30p,Celtics,93,Sixers,107,Box Score,,20422,
Wed Oct 23 2019,8:30p,Wizards,100,Mavericks,108,Box Score,,19816,
Wed Oct 23 2019,8:30p,Knicks,111,Spurs,120,Box Score,,18354,
Wed Oct 23 2019,9:00p,Thunder,95,Jazz,100,Box Score,,18306,
Wed Oct 23 2019,10:00p,Kings,95,Suns,124,Box Score,,18055,
Wed Oct 23 2019,10:00p,Nuggets,108,Blazers,100,Box Score,,19991,
Thu Oct 24 2019,7:00p,Hawks,117,Pistons,100,Box Score,,20338,
Thu Oct 24 2019,8:00p,Bucks,117,Rockets,111,Box Score,,18055,
Thu Oct 24 2019,10:30p,Clippers,141,Warriors,122,Box Score,,18064,
Fri Oct 25 2019,7:00p,Raptors,106,Celtics,112,Box Score,,18624,
Fri Oct 25 2019,7:00p,Timberwolves,121,Hornets,99,Box Score,,14879,
Fri Oct 25 2019,7:30p,Knicks,109,Nets,113,Box Score,,17732,
Fri Oct 25 2019,8:00p,Bulls,110,Grizzlies,102,Box Score,,17794,
Fri Oct 25 2019,8:00p,Mavericks,123,Pelicans,116,Box Score,,17027,
Fri Oct 25 2019,8:00p,Wizards,97,Thunder,85,Box Score,,18203,
Fri Oct 25 2019,9:00p,Suns,107,Nuggets,108,Box Score,OT,19557,
Fri Oct 25 2019,10:00p,Blazers,122,Kings,112,Box Score,,17583,
Fri Oct 25 2019,10:30p,Jazz,86,Lakers,95,Box Score,,18997,
Sat Oct 26 2019,5:00p,Heat,131,Bucks,126,Box Score,OT,17467,
Sat Oct 26 2019,7:00p,Sixers,117,Pistons,111,Box Score,,16207,
Sat Oct 26 2019,7:30p,Magic,99,Hawks,103,Box Score,,17078,
Sat Oct 26 2019,7:30p,Celtics,118,Knicks,95,Box Score,,19812,
Sat Oct 26 2019,8:00p,Raptors,108,Bulls,84,Box Score,,21498,
Sat Oct 26 2019,8:00p,Pacers,99,Cavaliers,110,Box Score,,19432,
Sat Oct 26 2019,8:00p,Pelicans,123,Rockets,126,Box Score,,18055,
Sat Oct 26 2019,8:30p,Wizards,122,Spurs,124,Box Score,,18354,
Sat Oct 26 2019,9:00p,Kings,81,Jazz,113,Box Score,,18306,
Sat Oct 26 2019,10:00p,Clippers,122,Suns,130,Box Score,,15802,
Sun Oct 27 2019,3:30p,Warriors,92,Thunder,120,Box Score,,18203,
Sun Oct 27 2019,6:00p,Nets,133,Grizzlies,134,Box Score,OT,15517,
Sun Oct 27 2019,7:00p,Blazers,121,Mavericks,119,Box Score,,19707,
Sun Oct 27 2019,7:00p,Heat,109,Timberwolves,116,Box Score,,17049,
Sun Oct 27 2019,9:30p,Hornets,101,Lakers,120,Box Score,,18997,
Mon Oct 28 2019,7:00p,Bulls,98,Knicks,105,Box Score,,19812,
Mon Oct 28 2019,7:00p,Pacers,94,Pistons,96,Box Score,,13565,
Mon Oct 28 2019,7:30p,Magic,95,Raptors,104,Box Score,,19800,
Mon Oct 28 2019,7:30p,Sixers,105,Hawks,103,Box Score,,14094,
Mon Oct 28 2019,8:00p,Thunder,112,Rockets,116,Box Score,,18055,
Mon Oct 28 2019,8:00p,Cavaliers,112,Bucks,129,Box Score,,17385,
Mon Oct 28 2019,8:00p,Warriors,134,Pelicans,123,Box Score,,17307,
Mon Oct 28 2019,8:30p,Blazers,110,Spurs,113,Box Score,,18083,
Mon Oct 28 2019,10:00p,Jazz,96,Suns,95,Box Score,,14805,
Mon Oct 28 2019,10:00p,Nuggets,101,Kings,94,Box Score,,15870,
Mon Oct 28 2019,10:30p,Hornets,96,Clippers,111,Box Score,,19068,
Tue Oct 29 2019,7:30p,Hawks,97,Heat,112,Box Score,,19600,
Tue Oct 29 2019,9:00p,Mavericks,109,Nuggets,106,Box Score,,16605,
Tue Oct 29 2019,10:30p,Grizzlies,91,Lakers,120,Box Score,,18997,
Wed Oct 30 2019,7:00p,Bulls,111,Cavaliers,117,Box Score,,17595,
Wed Oct 30 2019,7:00p,Knicks,83,Magic,95,Box Score,,17456,
Wed Oct 30 2019,7:00p,Timberwolves,95,Sixers,117,Box Score,,20204,
Wed Oct 30 2019,7:30p,Bucks,105,Celtics,116,Box Score,,18624,
Wed Oct 30 2019,7:30p,Pacers,118,Nets,108,Box Score,,17083,
Wed Oct 30 2019,7:30p,Pistons,113,Raptors,125,Box Score,,19800,
Wed Oct 30 2019,8:00p,Blazers,102,Thunder,99,Box Score,,18203,
Wed Oct 30 2019,8:00p,Rockets,159,Wizards,158,Box Score,,20476,
Wed Oct 30 2019,10:00p,Hornets,118,Kings,111,Box Score,,15416,
Wed Oct 30 2019,10:00p,Clippers,96,Jazz,110,Box Score,,18306,
Wed Oct 30 2019,10:30p,Suns,121,Warriors,110,Box Score,,18064,
Thu Oct 31 2019,7:00p,Heat,106,Hawks,97,Box Score,,16539,
Thu Oct 31 2019,9:30p,Nuggets,107,Pelicans,122,Box Score,,16613,
Thu Oct 31 2019,10:30p,Spurs,97,Clippers,103,Box Score,,19068,
Fri Nov 1 2019,7:00p,Rockets,116,Nets,123,Box Score,,17732,
Fri Nov 1 2019,7:00p,Cavaliers,95,Pacers,102,Box Score,,16079,
Fri Nov 1 2019,7:00p,Bucks,123,Magic,91,Box Score,,15105,
Fri Nov 1 2019,7:30p,Knicks,102,Celtics,104,Box Score,,18624,
Fri Nov 1 2019,8:00p,Pistons,106,Bulls,112,Box Score,,20671,
Fri Nov 1 2019,9:30p,Lakers,119,Mavericks,110,Box Score,OT,20358,
Fri Nov 1 2019,10:00p,Jazz,101,Kings,102,Box Score,,16273,
Fri Nov 1 2019,10:30p,Spurs,127,Warriors,110,Box Score,,18064,
Sat Nov 2 2019,5:00p,Pelicans,104,Thunder,115,Box Score,,18203,
Sat Nov 2 2019,7:00p,Nets,109,Pistons,113,Box Score,,17222,
Sat Nov 2 2019,7:00p,Nuggets,91,Magic,87,Box Score,,17025,
Sat Nov 2 2019,8:00p,Suns,114,Grizzlies,105,Box Score,,14144,
Sat Nov 2 2019,8:00p,Raptors,105,Bucks,115,Box Score,,17637,
Sat Nov 2 2019,8:00p,Timberwolves,131,Wizards,109,Box Score,,15150,
Sat Nov 2 2019,8:30p,Hornets,93,Warriors,87,Box Score,,18064,
Sat Nov 2 2019,10:00p,Sixers,129,Blazers,128,Box Score,,19669,
Sun Nov 3 2019,5:00p,Bulls,95,Pacers,108,Box Score,,17073,
Sun Nov 3 2019,6:00p,Rockets,100,Heat,129,Box Score,,19724,
Sun Nov 3 2019,6:00p,Kings,113,Knicks,92,Box Score,,19812,
Sun Nov 3 2019,7:00p,Lakers,103,Spurs,96,Box Score,,18610,
Sun Nov 3 2019,7:30p,Mavericks,131,Cavaliers,111,Box Score,,18078,
Sun Nov 3 2019,9:00p,Jazz,94,Clippers,105,Box Score,,19068,
Mon Nov 4 2019,7:00p,Pistons,99,Wizards,115,Box Score,,13052,
Mon Nov 4 2019,7:30p,Pelicans,125,Nets,135,Box Score,,17194,
Mon Nov 4 2019,8:00p,Rockets,107,Grizzlies,100,Box Score,,14197,
Mon Nov 4 2019,8:00p,Bucks,134,Timberwolves,106,Box Score,,16271,
Mon Nov 4 2019,9:00p,Sixers,109,Suns,114,Box Score,,14285,
Mon Nov 4 2019,10:30p,Blazers,118,Warriors,127,Box Score,,18064,
Tue Nov 5 2019,7:00p,Pacers,120,Hornets,122,Box Score,OT,13341,
Tue Nov 5 2019,7:00p,Celtics,119,Cavaliers,113,Box Score,,17709,
Tue Nov 5 2019,7:30p,Spurs,100,Hawks,108,Box Score,,14025,
Tue Nov 5 2019,8:00p,Lakers,118,Bulls,112,Box Score,,21193,
Tue Nov 5 2019,8:00p,Magic,94,Thunder,102,Box Score,,18203,
Tue Nov 5 2019,9:00p,Heat,89,Nuggets,109,Box Score,,18010,
Wed Nov 6 2019,7:00p,Knicks,102,Pistons,122,Box Score,,15463,
Wed Nov 6 2019,7:00p,Wizards,106,Pacers,121,Box Score,,16171,
Wed Nov 6 2019,7:30p,Bulls,113,Hawks,93,Box Score,,15049,
Wed Nov 6 2019,7:30p,Warriors,112,Rockets,129,Box Score,,18055,
Wed Nov 6 2019,7:30p,Kings,120,Raptors,124,Box Score,,19800,
Wed Nov 6 2019,8:00p,Timberwolves,121,Grizzlies,137,Box Score,,13503,
Wed Nov 6 2019,8:30p,Magic,106,Mavericks,107,Box Score,,19487,
Wed Nov 6 2019,9:00p,Sixers,104,Jazz,106,Box Score,,18306,
Wed Nov 6 2019,10:00p,Bucks,129,Clippers,124,Box Score,,19068,
Thu Nov 7 2019,8:00p,Celtics,108,Hornets,87,Box Score,,18487,
Thu Nov 7 2019,8:30p,Thunder,112,Spurs,121,Box Score,,18354,
Thu Nov 7 2019,9:00p,Heat,124,Suns,108,Box Score,,15498,
Thu Nov 7 2019,10:30p,Blazers,101,Clippers,107,Box Score,,19068,
Fri Nov 8 2019,7:00p,Pistons,106,Pacers,112,Box Score,,15544,
Fri Nov 8 2019,7:00p,Grizzlies,86,Magic,118,Box Score,,17021,
Fri Nov 8 2019,7:00p,Cavaliers,113,Wizards,100,Box Score,,16946,
Fri Nov 8 2019,7:30p,Kings,121,Hawks,109,Box Score,,16447,
Fri Nov 8 2019,8:00p,Warriors,119,Timberwolves,125,Box Score,OT,15647,
Fri Nov 8 2019,8:00p,Raptors,122,Pelicans,104,Box Score,,16337,
Fri Nov 8 2019,8:30p,Knicks,106,Mavericks,102,Box Score,,20257,
Fri Nov 8 2019,9:00p,Sixers,97,Nuggets,100,Box Score,,19520,
Fri Nov 8 2019,9:00p,Bucks,100,Jazz,103,Box Score,,18306,
Fri Nov 8 2019,10:00p,Nets,119,Blazers,115,Box Score,,20089,
Fri Nov 8 2019,10:30p,Heat,80,Lakers,95,Box Score,,18997,
Sat Nov 9 2019,5:00p,Celtics,135,Spurs,115,Box Score,,18354,
Sat Nov 9 2019,7:00p,Pelicans,115,Hornets,110,Box Score,,18513,
Sat Nov 9 2019,8:00p,Rockets,117,Bulls,94,Box Score,,20482,
Sat Nov 9 2019,8:00p,Mavericks,138,Grizzlies,122,Box Score,,15753,
Sat Nov 9 2019,8:00p,Warriors,108,Thunder,114,Box Score,,18203,
Sun Nov 10 2019,3:30p,Nuggets,100,Timberwolves,98,Box Score,OT,13553,
Sun Nov 10 2019,6:00p,Pacers,109,Magic,102,Box Score,,17118,
Sun Nov 10 2019,6:00p,Hornets,106,Sixers,114,Box Score,,20311,
Sun Nov 10 2019,7:00p,Bucks,121,Thunder,119,Box Score,,18203,
Sun Nov 10 2019,7:30p,Cavaliers,108,Knicks,87,Box Score,,19812,
Sun Nov 10 2019,8:00p,Nets,112,Suns,138,Box Score,,17290,
Sun Nov 10 2019,9:00p,Hawks,113,Blazers,124,Box Score,OT,20041,
Sun Nov 10 2019,9:30p,Raptors,113,Lakers,104,Box Score,,18997,
Mon Nov 11 2019,7:00p,Timberwolves,120,Pistons,114,Box Score,,12526,
Mon Nov 11 2019,7:30p,Mavericks,106,Celtics,116,Box Score,,18624,
Mon Nov 11 2019,7:30p,Grizzlies,113,Spurs,109,Box Score,,18627,
Mon Nov 11 2019,8:00p,Rockets,122,Pelicans,116,Box Score,,16695,
Mon Nov 11 2019,10:30p,Jazz,122,Warriors,108,Box Score,,18064,
Mon Nov 11 2019,10:30p,Raptors,88,Clippers,98,Box Score,,19068,
Tue Nov 12 2019,7:00p,Thunder,85,Pacers,111,Box Score,,15838,
Tue Nov 12 2019,7:00p,Cavaliers,97,Sixers,98,Box Score,,20294,
Tue Nov 12 2019,7:30p,Pistons,108,Heat,117,Box Score,,19600,
Tue Nov 12 2019,8:00p,Knicks,102,Bulls,120,Box Score,,18668,
Tue Nov 12 2019,9:00p,Hawks,125,Nuggets,121,Box Score,,18327,
Tue Nov 12 2019,9:00p,Lakers,123,Suns,115,Box Score,,18055,
Tue Nov 12 2019,9:00p,Nets,114,Jazz,119,Box Score,,18306,
Tue Nov 12 2019,10:00p,Blazers,99,Kings,107,Box Score,,16358,
Wed Nov 13 2019,7:00p,Grizzlies,119,Hornets,117,Box Score,,13155,
Wed Nov 13 2019,7:00p,Sixers,97,Magic,112,Box Score,,15113,
Wed Nov 13 2019,7:30p,Wizards,133,Celtics,140,Box Score,,19156,
Wed Nov 13 2019,7:30p,Clippers,93,Rockets,102,Box Score,,18055,
Wed Nov 13 2019,8:00p,Spurs,114,Timberwolves,129,Box Score,,11581,
Wed Nov 13 2019,10:00p,Warriors,94,Lakers,120,Box Score,,18997,
Wed Nov 13 2019,10:00p,Raptors,114,Blazers,106,Box Score,,19544,
Thu Nov 14 2019,6:00p,Heat,108,Cavaliers,97,Box Score,,17374,
Thu Nov 14 2019,8:00p,Bulls,115,Bucks,124,Box Score,,17627,
Thu Nov 14 2019,8:00p,Clippers,127,Pelicans,132,Box Score,,17147,
Thu Nov 14 2019,8:00p,Mavericks,103,Knicks,106,Box Score,,19812,
Thu Nov 14 2019,9:00p,Hawks,112,Suns,128,Box Score,,15143,
Thu Nov 14 2019,10:30p,Nets,93,Nuggets,101,Box Score,,18394,
Fri Nov 15 2019,7:00p,Pistons,106,Hornets,109,Box Score,,16778,
Fri Nov 15 2019,7:00p,Spurs,109,Magic,111,Box Score,,16296,
Fri Nov 15 2019,8:00p,Pacers,102,Rockets,111,Box Score,,18055,
Fri Nov 15 2019,8:00p,Jazz,106,Grizzlies,107,Box Score,,16422,
Fri Nov 15 2019,8:00p,Wizards,137,Timberwolves,116,Box Score,,12716,
Fri Nov 15 2019,8:00p,Sixers,119,Thunder,127,Box Score,OT,18203,
Fri Nov 15 2019,10:30p,Celtics,105,Warriors,100,Box Score,,18064,
Fri Nov 15 2019,10:30p,Kings,97,Lakers,99,Box Score,,18997,
Sat Nov 16 2019,6:00p,Nets,117,Bulls,111,Box Score,,19148,
Sat Nov 16 2019,7:00p,Bucks,102,Pacers,83,Box Score,,17024,
Sat Nov 16 2019,7:30p,Hornets,103,Knicks,102,Box Score,,19401,
Sat Nov 16 2019,8:00p,Pelicans,94,Heat,109,Box Score,,19600,
Sat Nov 16 2019,8:00p,Rockets,125,Timberwolves,105,Box Score,,18978,
Sat Nov 16 2019,8:30p,Raptors,102,Mavericks,110,Box Score,,19926,
Sat Nov 16 2019,8:30p,Blazers,121,Spurs,116,Box Score,,18534,
Sat Nov 16 2019,10:30p,Hawks,101,Clippers,150,Box Score,,19068,
Sun Nov 17 2019,3:00p,Sixers,114,Cavaliers,95,Box Score,,19432,
Sun Nov 17 2019,3:30p,Celtics,99,Kings,100,Box Score,,16633,
Sun Nov 17 2019,6:00p,Nuggets,131,Grizzlies,114,Box Score,,14227,
Sun Nov 17 2019,6:00p,Wizards,121,Magic,125,Box Score,,16344,
Sun Nov 17 2019,7:00p,Warriors,100,Pelicans,108,Box Score,,16812,
Sun Nov 17 2019,9:30p,Hawks,101,Lakers,122,Box Score,,18997,
Mon Nov 18 2019,7:00p,Cavaliers,105,Knicks,123,Box Score,,17097,
Mon Nov 18 2019,7:30p,Pacers,115,Nets,86,Box Score,,14140,
Mon Nov 18 2019,7:30p,Hornets,96,Raptors,132,Box Score,,19800,
Mon Nov 18 2019,8:00p,Bucks,115,Bulls,101,Box Score,,17565,
Mon Nov 18 2019,8:00p,Blazers,108,Rockets,132,Box Score,,18055,
Mon Nov 18 2019,8:30p,Spurs,110,Mavericks,117,Box Score,,19637,
Mon Nov 18 2019,9:00p,Celtics,99,Suns,85,Box Score,,15193,
Mon Nov 18 2019,9:00p,Timberwolves,112,Jazz,102,Box Score,,18306,
Mon Nov 18 2019,10:30p,Thunder,88,Clippers,90,Box Score,,19068,
Tue Nov 19 2019,8:00p,Warriors,114,Grizzlies,95,Box Score,,14511,
Tue Nov 19 2019,8:00p,Blazers,104,Pelicans,115,Box Score,,15021,
Tue Nov 19 2019,10:00p,Suns,116,Kings,120,Box Score,,16732,
Tue Nov 19 2019,10:30p,Thunder,107,Lakers,112,Box Score,,18997,
Wed Nov 20 2019,7:00p,Knicks,104,Sixers,109,Box Score,,20384,
Wed Nov 20 2019,7:00p,Spurs,132,Wizards,138,Box Score,,14579,
Wed Nov 20 2019,7:30p,Bucks,135,Hawks,127,Box Score,,16441,
Wed Nov 20 2019,7:30p,Hornets,91,Nets,101,Box Score,,14011,
Wed Nov 20 2019,7:30p,Warriors,94,Mavericks,142,Box Score,,19569,
Wed Nov 20 2019,7:30p,Cavaliers,100,Heat,124,Box Score,,19600,
Wed Nov 20 2019,7:30p,Magic,97,Raptors,113,Box Score,,19800,
Wed Nov 20 2019,8:00p,Pistons,89,Bulls,109,Box Score,,18119,
Wed Nov 20 2019,8:00p,Jazz,103,Timberwolves,95,Box Score,,13177,
Wed Nov 20 2019,9:00p,Rockets,95,Nuggets,105,Box Score,,17778,
Wed Nov 20 2019,10:00p,Celtics,104,Clippers,107,Box Score,OT,19068,
Thu Nov 21 2019,8:00p,Blazers,129,Bucks,137,Box Score,,17385,
Thu Nov 21 2019,10:30p,Pelicans,124,Suns,121,Box Score,,13903,
Fri Nov 22 2019,7:00p,Hawks,103,Pistons,128,Box Score,,15399,
Fri Nov 22 2019,7:00p,Hornets,118,Wizards,125,Box Score,,15053,
Fri Nov 22 2019,7:30p,Kings,97,Nets,116,Box Score,,15619,
Fri Nov 22 2019,8:00p,Heat,116,Bulls,108,Box Score,,18953,
Fri Nov 22 2019,8:00p,Lakers,130,Thunder,127,Box Score,,18203,
Fri Nov 22 2019,8:00p,Spurs,104,Sixers,115,Box Score,,20927,
Fri Nov 22 2019,8:30p,Cavaliers,101,Mavericks,143,Box Score,,19639,
Fri Nov 22 2019,9:00p,Celtics,92,Nuggets,96,Box Score,,19520,
Fri Nov 22 2019,9:00p,Warriors,109,Jazz,113,Box Score,,18306,
Fri Nov 22 2019,10:30p,Rockets,119,Clippers,122,Box Score,,19068,
Sat Nov 23 2019,5:00p,Suns,100,Timberwolves,98,Box Score,,17362,
Sat Nov 23 2019,7:00p,Bulls,116,Hornets,115,Box Score,,17891,
Sat Nov 23 2019,7:00p,Magic,106,Pacers,111,Box Score,,16446,
Sat Nov 23 2019,7:30p,Raptors,119,Hawks,116,Box Score,,16931,
Sat Nov 23 2019,7:30p,Spurs,111,Knicks,104,Box Score,,19320,
Sat Nov 23 2019,7:30p,Heat,86,Sixers,113,Box Score,,21017,
Sat Nov 23 2019,8:00p,Blazers,104,Cavaliers,110,Box Score,,19432,
Sat Nov 23 2019,8:00p,Lakers,109,Grizzlies,108,Box Score,,17794,
Sat Nov 23 2019,8:30p,Pistons,90,Bucks,104,Box Score,,17585,
Sat Nov 23 2019,9:00p,Pelicans,120,Jazz,128,Box Score,,18306,
Sun Nov 24 2019,3:30p,Mavericks,137,Rockets,123,Box Score,,18055,
Sun Nov 24 2019,6:00p,Nets,103,Knicks,101,Box Score,,18770,
Sun Nov 24 2019,6:00p,Kings,113,Wizards,106,Box Score,,15885,
Sun Nov 24 2019,8:00p,Suns,104,Nuggets,116,Box Score,,19520,
Sun Nov 24 2019,9:00p,Pelicans,109,Clippers,134,Box Score,,19068,
Mon Nov 25 2019,7:00p,Nets,108,Cavaliers,106,Box Score,,17143,
Mon Nov 25 2019,7:00p,Magic,88,Pistons,103,Box Score,,14695,
Mon Nov 25 2019,7:00p,Grizzlies,114,Pacers,126,Box Score,,15141,
Mon Nov 25 2019,7:30p,Timberwolves,125,Hawks,113,Box Score,,16218,
Mon Nov 25 2019,7:30p,Kings,102,Celtics,103,Box Score,,19156,
Mon Nov 25 2019,7:30p,Hornets,100,Heat,117,Box Score,,19600,
Mon Nov 25 2019,7:30p,Sixers,96,Raptors,101,Box Score,,19800,
Mon Nov 25 2019,8:00p,Blazers,117,Bulls,94,Box Score,,18776,
Mon Nov 25 2019,8:00p,Jazz,118,Bucks,122,Box Score,,17385,
Mon Nov 25 2019,8:30p,Lakers,114,Spurs,104,Box Score,,18498,
Mon Nov 25 2019,10:30p,Thunder,100,Warriors,97,Box Score,,18064,
Tue Nov 26 2019,8:30p,Clippers,114,Mavericks,99,Box Score,,20407,
Tue Nov 26 2019,9:00p,Wizards,104,Nuggets,117,Box Score,,18673,
Wed Nov 27 2019,7:00p,Nets,110,Celtics,121,Box Score,,19156,
Wed Nov 27 2019,7:00p,Pistons,101,Hornets,102,Box Score,,15535,
Wed Nov 27 2019,7:00p,Magic,116,Cavaliers,104,Box Score,,17712,
Wed Nov 27 2019,7:00p,Jazz,102,Pacers,121,Box Score,,17027,
Wed Nov 27 2019,7:00p,Kings,91,Sixers,97,Box Score,,20592,
Wed Nov 27 2019,7:30p,Knicks,98,Raptors,126,Box Score,,19800,
Wed Nov 27 2019,8:00p,Heat,108,Rockets,117,Box Score,,18055,
Wed Nov 27 2019,8:00p,Clippers,121,Grizzlies,119,Box Score,,16721,
Wed Nov 27 2019,8:00p,Hawks,102,Bucks,111,Box Score,,17525,
Wed Nov 27 2019,8:30p,Timberwolves,113,Spurs,101,Box Score,,18354,
Wed Nov 27 2019,9:00p,Wizards,140,Suns,132,Box Score,,14123,
Wed Nov 27 2019,9:30p,Lakers,114,Pelicans,110,Box Score,,18626,
Wed Nov 27 2019,10:00p,Thunder,119,Blazers,136,Box Score,,19870,
Wed Nov 27 2019,10:30p,Bulls,90,Warriors,104,Box Score,,18064,
Fri Nov 29 2019,12:00p,Celtics,107,Nets,112,Box Score,,17732,
Fri Nov 29 2019,7:00p,Hornets,110,Pistons,107,Box Score,,15006,
Fri Nov 29 2019,7:00p,Raptors,90,Magic,83,Box Score,,17014,
Fri Nov 29 2019,7:30p,Bucks,119,Cavaliers,110,Box Score,,19432,
Fri Nov 29 2019,7:30p,Sixers,101,Knicks,95,Box Score,,18109,
Fri Nov 29 2019,8:00p,Hawks,104,Pacers,105,Box Score,OT,15827,
Fri Nov 29 2019,8:00p,Jazz,103,Grizzlies,94,Box Score,,16605,
Fri Nov 29 2019,8:00p,Warriors,105,Heat,122,Box Score,,19600,
Fri Nov 29 2019,8:00p,Pelicans,104,Thunder,109,Box Score,,18203,
Fri Nov 29 2019,8:30p,Clippers,97,Spurs,107,Box Score,,18354,
Fri Nov 29 2019,9:00p,Mavericks,120,Suns,113,Box Score,,18055,
Fri Nov 29 2019,10:00p,Bulls,103,Blazers,107,Box Score,,20139,
Fri Nov 29 2019,10:30p,Wizards,103,Lakers,125,Box Score,,18997,
Sat Nov 30 2019,5:00p,Nuggets,97,Kings,100,Box Score,OT,17583,
Sat Nov 30 2019,7:00p,Pacers,116,Sixers,119,Box Score,,20517,
Sat Nov 30 2019,8:00p,Hawks,111,Rockets,158,Box Score,,18055,
Sat Nov 30 2019,8:00p,Hornets,96,Bucks,137,Box Score,,17550,
Sun Dec 1 2019,3:00p,Heat,109,Nets,106,Box Score,,17026,
Sun Dec 1 2019,3:30p,Grizzlies,115,Timberwolves,107,Box Score,,12276,
Sun Dec 1 2019,3:30p,Celtics,113,Knicks,104,Box Score,,18005,
Sun Dec 1 2019,4:00p,Mavericks,114,Lakers,100,Box Score,,18997,
Sun Dec 1 2019,5:00p,Spurs,98,Pistons,132,Box Score,,14270,
Sun Dec 1 2019,5:00p,Thunder,107,Pelicans,104,Box Score,,15427,
Sun Dec 1 2019,6:00p,Warriors,96,Magic,100,Box Score,,15052,
Sun Dec 1 2019,6:00p,Jazz,110,Raptors,130,Box Score,,18132,
Sun Dec 1 2019,10:30p,Wizards,125,Clippers,150,Box Score,,19068,
Mon Dec 2 2019,7:00p,Suns,109,Hornets,104,Box Score,,11221,
Mon Dec 2 2019,7:00p,Jazz,94,Sixers,103,Box Score,,20208,
Mon Dec 2 2019,7:30p,Warriors,79,Hawks,104,Box Score,,14278,
Mon Dec 2 2019,8:00p,Pacers,117,Grizzlies,104,Box Score,,11919,
Mon Dec 2 2019,8:00p,Knicks,88,Bucks,132,Box Score,,17385,
Mon Dec 2 2019,10:00p,Bulls,113,Kings,106,Box Score,,17257,
Tue Dec 3 2019,7:00p,Pistons,127,Cavaliers,94,Box Score,,17504,
Tue Dec 3 2019,7:00p,Magic,127,Wizards,120,Box Score,,13159,
Tue Dec 3 2019,7:30p,Mavericks,118,Pelicans,97,Box Score,,14664,
Tue Dec 3 2019,7:30p,Heat,121,Raptors,110,Box Score,OT,19800,
Tue Dec 3 2019,8:30p,Rockets,133,Spurs,135,Box Score,2OT,18354,
Tue Dec 3 2019,9:00p,Lakers,105,Nuggets,96,Box Score,,19658,
Tue Dec 3 2019,10:00p,Blazers,97,Clippers,117,Box Score,,19068,
Wed Dec 4 2019,7:00p,Warriors,91,Hornets,106,Box Score,,14355,
Wed Dec 4 2019,7:00p,Bucks,127,Pistons,103,Box Score,,15742,
Wed Dec 4 2019,7:00p,Suns,114,Magic,128,Box Score,,15176,
Wed Dec 4 2019,7:30p,Nets,130,Hawks,118,Box Score,,15694,
Wed Dec 4 2019,7:30p,Heat,93,Celtics,112,Box Score,,19156,
Wed Dec 4 2019,8:00p,Grizzlies,99,Bulls,106,Box Score,,15017,
Wed Dec 4 2019,8:00p,Pacers,107,Thunder,100,Box Score,,18203,
Wed Dec 4 2019,8:30p,Timberwolves,114,Mavericks,121,Box Score,,19671,
Wed Dec 4 2019,9:00p,Lakers,121,Jazz,96,Box Score,,18306,
Wed Dec 4 2019,10:00p,Kings,116,Blazers,127,Box Score,,19393,
Thu Dec 5 2019,7:00p,Sixers,113,Wizards,119,Box Score,,16554,
Thu Dec 5 2019,7:30p,Nuggets,129,Knicks,92,Box Score,,18171,
Thu Dec 5 2019,7:30p,Rockets,119,Raptors,109,Box Score,,19800,
Thu Dec 5 2019,8:00p,Suns,139,Pelicans,132,Box Score,OT,15607,
Fri Dec 6 2019,7:00p,Nets,111,Hornets,104,Box Score,,15075,
Fri Dec 6 2019,7:00p,Magic,93,Cavaliers,87,Box Score,,18446,
Fri Dec 6 2019,7:00p,Pacers,101,Pistons,108,Box Score,,14894,
Fri Dec 6 2019,8:00p,Nuggets,95,Celtics,108,Box Score,,19156,
Fri Dec 6 2019,8:00p,Warriors,100,Bulls,98,Box Score,,18841,
Fri Dec 6 2019,8:00p,Wizards,103,Heat,112,Box Score,,19600,
Fri Dec 6 2019,8:00p,Timberwolves,127,Thunder,139,Box Score,OT,18203,
Fri Dec 6 2019,8:30p,Clippers,91,Bucks,119,Box Score,,17732,
Fri Dec 6 2019,8:30p,Kings,104,Spurs,105,Box Score,OT,18354,
Fri Dec 6 2019,10:30p,Lakers,136,Blazers,113,Box Score,,19912,
Sat Dec 7 2019,2:00p,Pelicans,84,Mavericks,130,Box Score,,19456,
Sat Dec 7 2019,7:30p,Pacers,104,Knicks,103,Box Score,,19110,
Sat Dec 7 2019,7:30p,Cavaliers,94,Sixers,141,Box Score,,20844,
Sat Dec 7 2019,8:00p,Suns,109,Rockets,115,Box Score,,18055,
Sat Dec 7 2019,10:00p,Grizzlies,112,Jazz,126,Box Score,,18306,
Sun Dec 8 2019,3:00p,Nuggets,102,Nets,105,Box Score,,16679,
Sun Dec 8 2019,5:00p,Hawks,122,Hornets,107,Box Score,,15489,
Sun Dec 8 2019,6:00p,Bulls,105,Heat,110,Box Score,OT,19600,
Sun Dec 8 2019,6:00p,Raptors,104,Sixers,110,Box Score,,20313,
Sun Dec 8 2019,6:00p,Clippers,135,Wizards,119,Box Score,,15946,
Sun Dec 8 2019,7:00p,Kings,110,Mavericks,106,Box Score,,19566,
Sun Dec 8 2019,9:00p,Thunder,108,Blazers,96,Box Score,,19393,
Sun Dec 8 2019,9:30p,Timberwolves,125,Lakers,142,Box Score,,18997,
Mon Dec 9 2019,7:00p,Clippers,110,Pacers,99,Box Score,,14644,
Mon Dec 9 2019,7:30p,Cavaliers,88,Celtics,110,Box Score,,19156,
Mon Dec 9 2019,8:00p,Raptors,93,Bulls,92,Box Score,,14775,
Mon Dec 9 2019,8:00p,Kings,119,Rockets,118,Box Score,,18055,
Mon Dec 9 2019,8:00p,Magic,101,Bucks,110,Box Score,,17385,
Mon Dec 9 2019,8:00p,Pistons,105,Pelicans,103,Box Score,,13694,
Mon Dec 9 2019,9:00p,Timberwolves,109,Suns,125,Box Score,,13230,
Mon Dec 9 2019,9:00p,Thunder,104,Jazz,90,Box Score,,18306,
Mon Dec 9 2019,10:30p,Grizzlies,110,Warriors,102,Box Score,,18064,
Tue Dec 10 2019,7:00p,Wizards,107,Hornets,114,Box Score,,10626,
Tue Dec 10 2019,8:00p,Hawks,121,Heat,135,Box Score,OT,19600,
Tue Dec 10 2019,8:00p,Nuggets,92,Sixers,97,Box Score,,20591,
Tue Dec 10 2019,10:00p,Knicks,87,Blazers,115,Box Score,,19393,
Wed Dec 11 2019,7:00p,Rockets,116,Cavaliers,110,Box Score,,17122,
Wed Dec 11 2019,7:00p,Celtics,117,Pacers,122,Box Score,,15637,
Wed Dec 11 2019,7:00p,Lakers,96,Magic,87,Box Score,,18846,
Wed Dec 11 2019,7:00p,Clippers,112,Raptors,92,Box Score,,20144,
Wed Dec 11 2019,7:30p,Hornets,113,Nets,108,Box Score,,15631,
Wed Dec 11 2019,8:00p,Hawks,102,Bulls,136,Box Score,,15084,
Wed Dec 11 2019,8:00p,Jazz,127,Timberwolves,116,Box Score,,12369,
Wed Dec 11 2019,9:00p,Grizzlies,115,Suns,108,Box Score,,12254,
Wed Dec 11 2019,9:30p,Pelicans,112,Bucks,127,Box Score,,17385,
Wed Dec 11 2019,10:00p,Thunder,93,Kings,94,Box Score,,16723,
Wed Dec 11 2019,10:30p,Knicks,124,Warriors,122,Box Score,OT,18064,
Thu Dec 12 2019,8:00p,Sixers,115,Celtics,109,Box Score,,19156,
Thu Dec 12 2019,8:30p,Cavaliers,117,Spurs,109,Box Score,OT,18354,
Thu Dec 12 2019,9:00p,Mavericks,122,Pistons,111,Box Score,,20064,at Mexico City Mexico
Thu Dec 12 2019,10:30p,Blazers,99,Nuggets,114,Box Score,,18828,
Fri Dec 13 2019,7:00p,Lakers,113,Heat,110,Box Score,,20013,
Fri Dec 13 2019,7:00p,Rockets,130,Magic,107,Box Score,,16335,
Fri Dec 13 2019,7:00p,Pelicans,109,Sixers,116,Box Score,,20620,
Fri Dec 13 2019,7:30p,Pacers,110,Hawks,100,Box Score,,15121,
Fri Dec 13 2019,8:00p,Hornets,83,Bulls,73,Box Score,,18377,
Fri Dec 13 2019,8:00p,Bucks,127,Grizzlies,114,Box Score,,16109,
Fri Dec 13 2019,9:00p,Warriors,106,Jazz,114,Box Score,,18306,
Fri Dec 13 2019,9:30p,Clippers,124,Timberwolves,117,Box Score,,17585,
Fri Dec 13 2019,10:00p,Knicks,103,Kings,101,Box Score,,17583,
Sat Dec 14 2019,5:00p,Spurs,121,Suns,119,Box Score,OT,20013,at Mexico City Mexico
Sat Dec 14 2019,7:30p,Nets,102,Raptors,110,Box Score,,19800,
Sat Dec 14 2019,8:00p,Clippers,106,Bulls,109,Box Score,,18426,
Sat Dec 14 2019,8:00p,Wizards,111,Grizzlies,128,Box Score,,15631,
Sat Dec 14 2019,8:30p,Heat,122,Mavericks,118,Box Score,OT,20333,
Sat Dec 14 2019,8:30p,Cavaliers,108,Bucks,125,Box Score,,17481,
Sat Dec 14 2019,9:00p,Thunder,102,Nuggets,110,Box Score,,19520,
Sat Dec 14 2019,9:00p,Pistons,115,Rockets,107,Box Score,,18055,
Sun Dec 15 2019,3:30p,Magic,130,Pelicans,119,Box Score,,15388,
Sun Dec 15 2019,5:00p,Hornets,85,Pacers,107,Box Score,,16061,
Sun Dec 15 2019,6:00p,Lakers,101,Hawks,96,Box Score,,16962,
Sun Dec 15 2019,6:00p,Sixers,89,Nets,109,Box Score,,17732,
Sun Dec 15 2019,8:00p,Knicks,105,Nuggets,111,Box Score,,18867,
Sun Dec 15 2019,8:30p,Kings,100,Warriors,79,Box Score,,18064,
Mon Dec 16 2019,7:00p,Wizards,133,Pistons,119,Box Score,,14632,
Mon Dec 16 2019,7:30p,Cavaliers,113,Raptors,133,Box Score,,19800,
Mon Dec 16 2019,8:00p,Spurs,107,Rockets,109,Box Score,,18055,
Mon Dec 16 2019,8:00p,Heat,111,Grizzlies,118,Box Score,,14021,
Mon Dec 16 2019,8:00p,Mavericks,120,Bucks,116,Box Score,,17727,
Mon Dec 16 2019,8:00p,Bulls,106,Thunder,109,Box Score,,18203,
Mon Dec 16 2019,9:00p,Blazers,111,Suns,110,Box Score,,14193,
Tue Dec 17 2019,7:00p,Kings,102,Hornets,110,Box Score,,13229,
Tue Dec 17 2019,7:00p,Lakers,102,Pacers,105,Box Score,,17923,
Tue Dec 17 2019,7:30p,Hawks,120,Knicks,143,Box Score,,18268,
Tue Dec 17 2019,8:00p,Nets,108,Pelicans,101,Box Score,OT,15177,
Tue Dec 17 2019,9:00p,Magic,102,Jazz,109,Box Score,,18306,
Tue Dec 17 2019,10:30p,Suns,99,Clippers,120,Box Score,,19068,
Wed Dec 18 2019,7:00p,Hornets,98,Cavaliers,100,Box Score,,17023,
Wed Dec 18 2019,7:00p,Raptors,112,Pistons,99,Box Score,,15319,
Wed Dec 18 2019,7:00p,Heat,108,Sixers,104,Box Score,,20715,
Wed Dec 18 2019,7:00p,Bulls,110,Wizards,109,Box Score,OT,14987,
Wed Dec 18 2019,8:00p,Pelicans,107,Timberwolves,99,Box Score,,12490,
Wed Dec 18 2019,8:00p,Grizzlies,122,Thunder,126,Box Score,,18203,
Wed Dec 18 2019,9:00p,Magic,104,Nuggets,113,Box Score,,18182,
Wed Dec 18 2019,9:30p,Celtics,109,Mavericks,103,Box Score,,20181,
Wed Dec 18 2019,10:00p,Warriors,112,Blazers,122,Box Score,,19393,
Thu Dec 19 2019,7:30p,Jazz,111,Hawks,106,Box Score,,16739,
Thu Dec 19 2019,8:00p,Lakers,104,Bucks,111,Box Score,,18051,
Thu Dec 19 2019,8:30p,Nets,105,Spurs,118,Box Score,,18354,
Thu Dec 19 2019,10:30p,Rockets,122,Clippers,117,Box Score,,19068,
Fri Dec 20 2019,7:00p,Grizzlies,107,Cavaliers,114,Box Score,,19432,
Fri Dec 20 2019,7:00p,Kings,105,Pacers,119,Box Score,,14649,
Fri Dec 20 2019,7:30p,Pistons,93,Celtics,114,Box Score,,19156,
Fri Dec 20 2019,7:30p,Wizards,118,Raptors,122,Box Score,,19800,
Fri Dec 20 2019,8:00p,Knicks,114,Heat,129,Box Score,,19704,
Fri Dec 20 2019,8:00p,Suns,108,Thunder,126,Box Score,,18203,
Fri Dec 20 2019,8:00p,Mavericks,117,Sixers,98,Box Score,,20778,
Fri Dec 20 2019,9:00p,Timberwolves,100,Nuggets,109,Box Score,,19520,
Fri Dec 20 2019,10:00p,Magic,103,Blazers,118,Box Score,,19393,
Fri Dec 20 2019,10:30p,Pelicans,102,Warriors,106,Box Score,,18064,
Sat Dec 21 2019,5:00p,Jazz,114,Hornets,107,Box Score,,16187,
Sat Dec 21 2019,6:00p,Hawks,112,Nets,122,Box Score,,16496,
Sat Dec 21 2019,7:00p,Bulls,119,Pistons,107,Box Score,,15948,
Sat Dec 21 2019,7:00p,Wizards,108,Sixers,125,Box Score,,20529,
Sat Dec 21 2019,7:30p,Bucks,123,Knicks,102,Box Score,,18124,
Sat Dec 21 2019,8:00p,Kings,115,Grizzlies,119,Box Score,,15603,
Sat Dec 21 2019,8:30p,Clippers,134,Spurs,109,Box Score,,18354,
Sat Dec 21 2019,9:00p,Rockets,139,Suns,125,Box Score,,16061,
Sat Dec 21 2019,10:00p,Timberwolves,106,Blazers,113,Box Score,,19393,
Sun Dec 22 2019,3:30p,Mavericks,107,Raptors,110,Box Score,,19800,
Sun Dec 22 2019,6:00p,Hornets,93,Celtics,119,Box Score,,19156,
Sun Dec 22 2019,7:00p,Pacers,89,Bucks,117,Box Score,,18029,
Sun Dec 22 2019,7:00p,Clippers,112,Thunder,118,Box Score,,18203,
Sun Dec 22 2019,9:30p,Nuggets,128,Lakers,104,Box Score,,18997,
Mon Dec 23 2019,7:00p,Hawks,118,Cavaliers,121,Box Score,,18007,
Mon Dec 23 2019,7:00p,Sixers,125,Pistons,109,Box Score,,16476,
Mon Dec 23 2019,7:00p,Raptors,115,Pacers,120,Box Score,OT,17164,
Mon Dec 23 2019,7:00p,Wizards,121,Knicks,115,Box Score,,19413,
Mon Dec 23 2019,7:00p,Bulls,95,Magic,103,Box Score,,18846,
Mon Dec 23 2019,7:30p,Jazz,104,Heat,107,Box Score,,19890,
Mon Dec 23 2019,8:00p,Spurs,145,Grizzlies,115,Box Score,,16776,
Mon Dec 23 2019,9:00p,Nuggets,113,Suns,111,Box Score,,16041,
Mon Dec 23 2019,10:00p,Pelicans,102,Blazers,94,Box Score,,19499,
Mon Dec 23 2019,10:00p,Rockets,113,Kings,104,Box Score,,17583,
Mon Dec 23 2019,10:30p,Timberwolves,104,Warriors,113,Box Score,,18064,
Wed Dec 25 2019,12:00p,Celtics,118,Raptors,102,Box Score,,19800,
Wed Dec 25 2019,2:30p,Bucks,109,Sixers,121,Box Score,,21028,
Wed Dec 25 2019,5:00p,Rockets,104,Warriors,116,Box Score,,18064,
Wed Dec 25 2019,8:00p,Clippers,111,Lakers,106,Box Score,,18997,
Wed Dec 25 2019,10:30p,Pelicans,112,Nuggets,100,Box Score,,19520,
Thu Dec 26 2019,7:00p,Wizards,102,Pistons,132,Box Score,,17188,
Thu Dec 26 2019,7:30p,Knicks,94,Nets,82,Box Score,,17732,
Thu Dec 26 2019,8:00p,Spurs,98,Mavericks,102,Box Score,,20427,
Thu Dec 26 2019,8:00p,Grizzlies,110,Thunder,97,Box Score,,18203,
Thu Dec 26 2019,10:00p,Timberwolves,105,Kings,104,Box Score,2OT,17583,
Thu Dec 26 2019,10:30p,Blazers,115,Jazz,121,Box Score,,18306,
Fri Dec 27 2019,4:00p,Cavaliers,117,Celtics,129,Box Score,,19156,
Fri Dec 27 2019,7:00p,Thunder,104,Hornets,102,Box Score,OT,18418,
Fri Dec 27 2019,7:00p,Sixers,97,Magic,98,Box Score,,17311,
Fri Dec 27 2019,7:30p,Bucks,112,Hawks,86,Box Score,,17358,
Fri Dec 27 2019,8:00p,Pacers,112,Heat,113,Box Score,,19767,
Fri Dec 27 2019,10:30p,Suns,96,Warriors,105,Box Score,,18064,
Sat Dec 28 2019,5:00p,Grizzlies,110,Nuggets,119,Box Score,,19697,
Sat Dec 28 2019,7:00p,Raptors,113,Celtics,97,Box Score,,19156,
Sat Dec 28 2019,7:00p,Pacers,98,Pelicans,120,Box Score,,15391,
Sat Dec 28 2019,8:00p,Hawks,81,Bulls,116,Box Score,,21496,
Sat Dec 28 2019,8:00p,Nets,98,Rockets,108,Box Score,,18306,
Sat Dec 28 2019,8:00p,Sixers,116,Heat,117,Box Score,OT,19865,
Sat Dec 28 2019,8:00p,Cavaliers,94,Timberwolves,88,Box Score,,15411,
Sat Dec 28 2019,8:00p,Knicks,107,Wizards,100,Box Score,,19033,
Sat Dec 28 2019,8:30p,Mavericks,141,Warriors,121,Box Score,,18064,
Sat Dec 28 2019,8:30p,Magic,100,Bucks,111,Box Score,,17920,
Sat Dec 28 2019,8:30p,Pistons,109,Spurs,136,Box Score,,18524,
Sat Dec 28 2019,9:00p,Suns,112,Kings,110,Box Score,,17583,
Sat Dec 28 2019,10:00p,Lakers,128,Blazers,120,Box Score,,19960,
Sat Dec 28 2019,10:30p,Jazz,120,Clippers,107,Box Score,,19068,
Sun Dec 29 2019,6:00p,Thunder,98,Raptors,97,Box Score,,19800,
Sun Dec 29 2019,8:00p,Kings,115,Nuggets,120,Box Score,,19520,
Sun Dec 29 2019,8:00p,Hornets,104,Grizzlies,117,Box Score,,16842,
Sun Dec 29 2019,8:00p,Rockets,112,Pelicans,127,Box Score,,17712,
Sun Dec 29 2019,9:30p,Mavericks,95,Lakers,108,Box Score,,18997,
Mon Dec 30 2019,7:00p,Hawks,101,Magic,93,Box Score,,17784,
Mon Dec 30 2019,7:00p,Heat,105,Wizards,123,Box Score,,20476,
Mon Dec 30 2019,8:00p,Bucks,123,Bulls,102,Box Score,,21954,
Mon Dec 30 2019,8:00p,Nets,115,Timberwolves,122,Box Score,OT,15824,
Mon Dec 30 2019,9:00p,Pistons,81,Jazz,104,Box Score,,18306,
Mon Dec 30 2019,10:00p,Suns,122,Blazers,116,Box Score,,19896,
Tue Dec 31 2019,3:00p,Celtics,109,Hornets,92,Box Score,,19216,
Tue Dec 31 2019,3:00p,Sixers,97,Pacers,115,Box Score,,17923,
Tue Dec 31 2019,5:00p,Clippers,105,Kings,87,Box Score,,16231,
Tue Dec 31 2019,7:00p,Nuggets,104,Rockets,130,Box Score,,18055,
Tue Dec 31 2019,7:00p,Warriors,113,Spurs,117,Box Score,OT,18354,
Tue Dec 31 2019,7:00p,Cavaliers,97,Raptors,117,Box Score,,19800,
Tue Dec 31 2019,8:00p,Mavericks,101,Thunder,106,Box Score,,18203,
Wed Jan 1 2020,6:00p,Magic,122,Wizards,101,Box Score,,14921,
Wed Jan 1 2020,7:30p,Blazers,93,Knicks,117,Box Score,,19812,
Wed Jan 1 2020,8:00p,Timberwolves,104,Bucks,106,Box Score,,17819,
Wed Jan 1 2020,10:30p,Suns,107,Lakers,117,Box Score,,18997,
Thu Jan 2 2020,7:00p,Hornets,109,Cavaliers,106,Box Score,,17859,
Thu Jan 2 2020,7:00p,Nuggets,124,Pacers,116,Box Score,,16688,
Thu Jan 2 2020,7:30p,Raptors,76,Heat,84,Box Score,,19939,
Thu Jan 2 2020,8:00p,Jazz,102,Bulls,98,Box Score,,19398,
Thu Jan 2 2020,8:00p,Warriors,84,Timberwolves,99,Box Score,,15477,
Thu Jan 2 2020,8:30p,Nets,111,Mavericks,123,Box Score,,20289,
Thu Jan 2 2020,8:30p,Thunder,109,Spurs,103,Box Score,,18354,
Thu Jan 2 2020,10:00p,Grizzlies,123,Kings,128,Box Score,,17351,
Thu Jan 2 2020,10:30p,Pistons,112,Clippers,126,Box Score,,19068,
Fri Jan 3 2020,7:00p,Hawks,106,Celtics,109,Box Score,,19156,
Fri Jan 3 2020,7:00p,Heat,85,Magic,105,Box Score,,17198,
Fri Jan 3 2020,7:00p,Blazers,122,Wizards,103,Box Score,,17945,
Fri Jan 3 2020,8:00p,Sixers,108,Rockets,118,Box Score,,18055,
Fri Jan 3 2020,9:00p,Knicks,112,Suns,120,Box Score,,18055,
Fri Jan 3 2020,10:30p,Pelicans,113,Lakers,123,Box Score,,18997,
Sat Jan 4 2020,3:30p,Grizzlies,140,Clippers,114,Box Score,,19068,
Sat Jan 4 2020,6:00p,Raptors,121,Nets,102,Box Score,,17732,
Sat Jan 4 2020,7:00p,Jazz,109,Magic,96,Box Score,,16913,
Sat Jan 4 2020,7:30p,Pacers,111,Hawks,116,Box Score,,16420,
Sat Jan 4 2020,7:30p,Thunder,121,Cavaliers,106,Box Score,,19432,
Sat Jan 4 2020,8:00p,Celtics,111,Bulls,104,Box Score,,21130,
Sat Jan 4 2020,8:00p,Nuggets,114,Wizards,128,Box Score,,16233,
Sat Jan 4 2020,8:30p,Hornets,123,Mavericks,120,Box Score,OT,20327,
Sat Jan 4 2020,8:30p,Pistons,111,Warriors,104,Box Score,,18064,
Sat Jan 4 2020,8:30p,Spurs,118,Bucks,127,Box Score,,18002,
Sat Jan 4 2020,10:00p,Pelicans,117,Kings,115,Box Score,,16808,
Sun Jan 5 2020,3:30p,Knicks,132,Clippers,135,Box Score,,19068,
Sun Jan 5 2020,6:00p,Blazers,111,Heat,122,Box Score,,19846,
Sun Jan 5 2020,7:30p,Timberwolves,118,Cavaliers,103,Box Score,,16159,
Sun Jan 5 2020,8:00p,Grizzlies,121,Suns,114,Box Score,,14181,
Sun Jan 5 2020,10:00p,Pistons,99,Lakers,106,Box Score,,18997,
Mon Jan 6 2020,7:00p,Pacers,115,Hornets,104,Box Score,,13009,
Mon Jan 6 2020,7:00p,Nets,89,Magic,101,Box Score,,15008,
Mon Jan 6 2020,7:00p,Thunder,113,Sixers,120,Box Score,,20561,
Mon Jan 6 2020,7:00p,Celtics,94,Wizards,99,Box Score,,17963,
Mon Jan 6 2020,7:30p,Nuggets,123,Hawks,115,Box Score,,15286,
Mon Jan 6 2020,8:00p,Jazz,128,Pelicans,126,Box Score,,14138,
Mon Jan 6 2020,8:30p,Bulls,110,Mavericks,118,Box Score,,20238,
Mon Jan 6 2020,8:30p,Bucks,104,Spurs,126,Box Score,,18354,
Mon Jan 6 2020,10:00p,Warriors,98,Kings,111,Box Score,,15819,
Tue Jan 7 2020,7:00p,Pistons,115,Cavaliers,113,Box Score,,17274,
Tue Jan 7 2020,7:00p,Blazers,101,Raptors,99,Box Score,,19800,
Tue Jan 7 2020,7:30p,Thunder,111,Nets,103,Box Score,OT,15677,
Tue Jan 7 2020,8:00p,Timberwolves,112,Grizzlies,119,Box Score,,14117,
Tue Jan 7 2020,9:00p,Kings,114,Suns,103,Box Score,,14134,
Tue Jan 7 2020,10:30p,Knicks,87,Lakers,117,Box Score,,18997,
Wed Jan 8 2020,7:00p,Spurs,129,Celtics,114,Box Score,,19156,
Wed Jan 8 2020,7:00p,Raptors,112,Hornets,110,Box Score,OT,13965,
Wed Jan 8 2020,7:00p,Heat,122,Pacers,108,Box Score,,17040,
Wed Jan 8 2020,7:00p,Wizards,89,Magic,123,Box Score,,16013,
Wed Jan 8 2020,7:30p,Rockets,122,Hawks,115,Box Score,,16514,
Wed Jan 8 2020,7:30p,Nuggets,107,Mavericks,106,Box Score,,20314,
Wed Jan 8 2020,8:00p,Bulls,108,Pelicans,123,Box Score,,15324,
Wed Jan 8 2020,9:00p,Knicks,104,Jazz,128,Box Score,,18306,
Wed Jan 8 2020,10:00p,Bucks,107,Warriors,98,Box Score,,18064,
Thu Jan 9 2020,7:00p,Cavaliers,115,Pistons,112,Box Score,OT,13445,
Thu Jan 9 2020,7:00p,Celtics,98,Sixers,109,Box Score,,20822,
Thu Jan 9 2020,8:00p,Blazers,102,Timberwolves,116,Box Score,,13720,
Thu Jan 9 2020,9:30p,Rockets,92,Thunder,113,Box Score,,18203,
Fri Jan 10 2020,7:00p,Hawks,101,Wizards,111,Box Score,,16360,
Fri Jan 10 2020,7:15p,Pelicans,123,Knicks,111,Box Score,,18003,
Fri Jan 10 2020,7:30p,Heat,113,Nets,117,Box Score,,16011,
Fri Jan 10 2020,8:00p,Pacers,116,Bulls,105,Box Score,,20229,
Fri Jan 10 2020,8:00p,Spurs,121,Grizzlies,134,Box Score,,16448,
Fri Jan 10 2020,9:00p,Magic,94,Suns,98,Box Score,,14562,
Fri Jan 10 2020,9:00p,Hornets,92,Jazz,109,Box Score,,18306,
Fri Jan 10 2020,9:45p,Lakers,129,Mavericks,114,Box Score,,20542,
Fri Jan 10 2020,10:00p,Bucks,127,Kings,106,Box Score,,17583,
Fri Jan 10 2020,10:30p,Warriors,100,Clippers,109,Box Score,,19068,
Sat Jan 11 2020,5:00p,Timberwolves,109,Rockets,139,Box Score,,18055,
Sat Jan 11 2020,7:00p,Pelicans,105,Celtics,140,Box Score,,19156,
Sat Jan 11 2020,7:00p,Bulls,108,Pistons,99,Box Score,,15951,
Sat Jan 11 2020,8:00p,Lakers,125,Thunder,110,Box Score,,18203,
Sat Jan 11 2020,8:30p,Sixers,91,Mavericks,109,Box Score,,20244,
Sat Jan 11 2020,9:00p,Cavaliers,111,Nuggets,103,Box Score,,19533,
Sat Jan 11 2020,10:00p,Bucks,122,Blazers,101,Box Score,,19843,
Sun Jan 12 2020,3:30p,Heat,121,Knicks,124,Box Score,,18861,
Sun Jan 12 2020,3:30p,Jazz,127,Wizards,116,Box Score,,15953,
Sun Jan 12 2020,6:00p,Hawks,86,Nets,108,Box Score,,15201,
Sun Jan 12 2020,6:00p,Warriors,102,Grizzlies,122,Box Score,,16408,
Sun Jan 12 2020,6:00p,Spurs,105,Raptors,104,Box Score,,19800,
Sun Jan 12 2020,8:00p,Clippers,104,Nuggets,114,Box Score,,19520,
Sun Jan 12 2020,8:00p,Hornets,92,Suns,100,Box Score,,14751,
Mon Jan 13 2020,7:00p,Pelicans,117,Pistons,110,Box Score,OT,13780,
Mon Jan 13 2020,7:00p,Sixers,95,Pacers,101,Box Score,,15257,
Mon Jan 13 2020,7:30p,Bulls,101,Celtics,113,Box Score,,19156,
Mon Jan 13 2020,8:00p,Thunder,117,Timberwolves,104,Box Score,,11044,
Mon Jan 13 2020,10:00p,Hornets,112,Blazers,115,Box Score,,19111,
Mon Jan 13 2020,10:00p,Magic,114,Kings,112,Box Score,,16299,
Mon Jan 13 2020,10:30p,Cavaliers,99,Lakers,128,Box Score,,18997,
Tue Jan 14 2020,7:30p,Suns,110,Hawks,123,Box Score,,16060,
Tue Jan 14 2020,7:30p,Jazz,118,Nets,107,Box Score,,15381,
Tue Jan 14 2020,8:00p,Rockets,110,Grizzlies,121,Box Score,,16181,
Tue Jan 14 2020,8:00p,Knicks,102,Bucks,128,Box Score,,17590,
Tue Jan 14 2020,10:30p,Mavericks,124,Warriors,97,Box Score,,18064,
Tue Jan 14 2020,10:30p,Cavaliers,103,Clippers,128,Box Score,,19068,
Wed Jan 15 2020,7:00p,Pistons,116,Celtics,103,Box Score,,19156,
Wed Jan 15 2020,7:00p,Nets,106,Sixers,117,Box Score,,20416,
Wed Jan 15 2020,7:30p,Spurs,100,Heat,106,Box Score,,19704,
Wed Jan 15 2020,8:00p,Wizards,106,Bulls,115,Box Score,,19382,
Wed Jan 15 2020,8:00p,Pacers,104,Timberwolves,99,Box Score,,12648,
Wed Jan 15 2020,8:00p,Raptors,130,Thunder,121,Box Score,,18203,
Wed Jan 15 2020,9:00p,Hornets,86,Nuggets,100,Box Score,,19520,
Wed Jan 15 2020,9:30p,Blazers,117,Rockets,107,Box Score,,18055,
Wed Jan 15 2020,10:00p,Mavericks,127,Kings,123,Box Score,,17029,
Wed Jan 15 2020,10:30p,Magic,119,Lakers,118,Box Score,,18997,
Thu Jan 16 2020,7:30p,Suns,121,Knicks,98,Box Score,,18215,
Thu Jan 16 2020,8:00p,Celtics,123,Bucks,128,Box Score,,17873,
Thu Jan 16 2020,8:00p,Jazz,132,Pelicans,138,Box Score,OT,16717,
Thu Jan 16 2020,10:30p,Nuggets,134,Warriors,131,Box Score,OT,18064,
Thu Jan 16 2020,10:30p,Magic,95,Clippers,122,Box Score,,19068,
Fri Jan 17 2020,7:00p,Timberwolves,114,Pacers,116,Box Score,,16248,
Fri Jan 17 2020,7:00p,Bulls,89,Sixers,100,Box Score,,20919,
Fri Jan 17 2020,7:00p,Wizards,111,Raptors,140,Box Score,,19800,
Fri Jan 17 2020,8:00p,Cavaliers,109,Grizzlies,113,Box Score,,17102,
Fri Jan 17 2020,8:00p,Heat,115,Thunder,108,Box Score,,18203,
Fri Jan 17 2020,8:30p,Hawks,121,Spurs,120,Box Score,,18354,
Fri Jan 17 2020,9:30p,Blazers,112,Mavericks,120,Box Score,,20283,
Sat Jan 18 2020,3:30p,Clippers,133,Pelicans,130,Box Score,,17959,
Sat Jan 18 2020,6:00p,Bucks,117,Nets,97,Box Score,,17732,
Sat Jan 18 2020,7:00p,Suns,123,Celtics,119,Box Score,,19156,
Sat Jan 18 2020,7:30p,Pistons,136,Hawks,103,Box Score,,17056,
Sat Jan 18 2020,7:30p,Sixers,90,Knicks,87,Box Score,,17812,
Sat Jan 18 2020,8:00p,Cavaliers,116,Bulls,118,Box Score,,19939,
Sat Jan 18 2020,8:00p,Raptors,122,Timberwolves,112,Box Score,,16520,
Sat Jan 18 2020,8:30p,Magic,95,Warriors,109,Box Score,,18064,
Sat Jan 18 2020,8:30p,Lakers,124,Rockets,115,Box Score,,18502,
Sat Jan 18 2020,9:00p,Blazers,106,Thunder,119,Box Score,,18203,
Sat Jan 18 2020,9:00p,Kings,101,Jazz,123,Box Score,,18306,
Sun Jan 19 2020,3:00p,Heat,102,Spurs,107,Box Score,,18422,
Sun Jan 19 2020,8:00p,Pacers,115,Nuggets,107,Box Score,,19520,
Mon Jan 20 2020,2:00p,Pistons,100,Wizards,106,Box Score,,17305,
Mon Jan 20 2020,2:30p,Raptors,122,Hawks,117,Box Score,,17300,
Mon Jan 20 2020,3:00p,Sixers,117,Nets,111,Box Score,,16801,
Mon Jan 20 2020,5:00p,Magic,106,Hornets,83,Box Score,,16133,
Mon Jan 20 2020,5:00p,Knicks,106,Cavaliers,86,Box Score,,17133,
Mon Jan 20 2020,5:00p,Thunder,112,Rockets,107,Box Score,,18055,
Mon Jan 20 2020,5:00p,Pelicans,126,Grizzlies,116,Box Score,,17794,
Mon Jan 20 2020,5:00p,Kings,113,Heat,118,Box Score,OT,19600,
Mon Jan 20 2020,5:00p,Bulls,98,Bucks,111,Box Score,,17747,
Mon Jan 20 2020,7:30p,Lakers,107,Celtics,139,Box Score,,19156,
Mon Jan 20 2020,8:00p,Nuggets,107,Timberwolves,100,Box Score,,12172,
Mon Jan 20 2020,9:00p,Spurs,120,Suns,118,Box Score,,14847,
Mon Jan 20 2020,9:00p,Pacers,88,Jazz,118,Box Score,,18306,
Mon Jan 20 2020,10:00p,Warriors,124,Blazers,129,Box Score,OT,19493,
Tue Jan 21 2020,8:30p,Clippers,110,Mavericks,107,Box Score,,19783,
Wed Jan 22 2020,7:00p,Kings,106,Pistons,127,Box Score,,13972,
Wed Jan 22 2020,7:00p,Thunder,120,Magic,114,Box Score,,18846,
Wed Jan 22 2020,7:00p,Sixers,95,Raptors,107,Box Score,,19800,
Wed Jan 22 2020,7:30p,Clippers,95,Hawks,102,Box Score,,14338,
Wed Jan 22 2020,7:30p,Grizzlies,95,Celtics,119,Box Score,,19156,
Wed Jan 22 2020,7:30p,Wizards,129,Heat,134,Box Score,OT,19600,
Wed Jan 22 2020,7:30p,Lakers,100,Knicks,92,Box Score,,19812,
Wed Jan 22 2020,8:00p,Timberwolves,110,Bulls,117,Box Score,,18875,
Wed Jan 22 2020,8:00p,Nuggets,105,Rockets,121,Box Score,,18055,
Wed Jan 22 2020,9:00p,Pacers,112,Suns,87,Box Score,,14691,
Wed Jan 22 2020,9:30p,Spurs,121,Pelicans,117,Box Score,,18365,
Wed Jan 22 2020,10:00p,Jazz,129,Warriors,96,Box Score,,18064,
Thu Jan 23 2020,7:00p,Wizards,124,Cavaliers,112,Box Score,,16689,
Thu Jan 23 2020,8:00p,Lakers,128,Nets,113,Box Score,,17732,
Thu Jan 23 2020,10:30p,Mavericks,133,Blazers,125,Box Score,,19574,
Fri Jan 24 2020,3:00p,Bucks,116,Hornets,103,Box Score,,15758,at Paris France
Fri Jan 24 2020,7:00p,Grizzlies,125,Pistons,112,Box Score,,14583,
Fri Jan 24 2020,7:00p,Celtics,109,Magic,98,Box Score,,18846,
Fri Jan 24 2020,7:30p,Raptors,118,Knicks,112,Box Score,,18883,
Fri Jan 24 2020,8:00p,Kings,98,Bulls,81,Box Score,,17661,
Fri Jan 24 2020,8:00p,Clippers,122,Heat,117,Box Score,,19632,
Fri Jan 24 2020,8:00p,Rockets,131,Timberwolves,124,Box Score,,16101,
Fri Jan 24 2020,8:00p,Nuggets,113,Pelicans,106,Box Score,,16398,
Fri Jan 24 2020,8:00p,Hawks,111,Thunder,140,Box Score,,18203,
Fri Jan 24 2020,8:30p,Suns,103,Spurs,99,Box Score,,18354,
Fri Jan 24 2020,10:30p,Pacers,129,Warriors,118,Box Score,,18064,
Sat Jan 25 2020,5:00p,Mavericks,107,Jazz,112,Box Score,,18306,
Sat Jan 25 2020,7:00p,Nets,121,Pistons,111,Box Score,OT,15890,
Sat Jan 25 2020,8:00p,Bulls,118,Cavaliers,106,Box Score,,19432,
Sat Jan 25 2020,8:00p,Thunder,113,Timberwolves,104,Box Score,,16236,
Sat Jan 25 2020,8:30p,Lakers,91,Sixers,108,Box Score,,21109,
Sun Jan 26 2020,3:30p,Rockets,110,Nuggets,117,Box Score,,19520,
Sun Jan 26 2020,4:00p,Raptors,110,Spurs,106,Box Score,,18354,
Sun Jan 26 2020,6:00p,Wizards,133,Hawks,152,Box Score,,15567,
Sun Jan 26 2020,6:00p,Suns,109,Grizzlies,114,Box Score,,17214,
Sun Jan 26 2020,6:00p,Celtics,108,Pelicans,123,Box Score,,16737,
Sun Jan 26 2020,6:00p,Nets,97,Knicks,110,Box Score,,17831,
Sun Jan 26 2020,6:00p,Clippers,112,Magic,97,Box Score,,15427,
Sun Jan 26 2020,9:00p,Pacers,129,Blazers,139,Box Score,,19663,
Mon Jan 27 2020,7:00p,Cavaliers,115,Pistons,100,Box Score,,12597,
Mon Jan 27 2020,7:30p,Magic,92,Heat,113,Box Score,,19600,
Mon Jan 27 2020,8:00p,Spurs,109,Bulls,110,Box Score,,16071,
Mon Jan 27 2020,8:00p,Kings,133,Timberwolves,129,Box Score,OT,13449,
Mon Jan 27 2020,8:00p,Mavericks,107,Thunder,97,Box Score,,18203,
Mon Jan 27 2020,9:00p,Rockets,126,Jazz,117,Box Score,,18306,
Tue Jan 28 2020,7:00p,Knicks,92,Hornets,97,Box Score,,14342,
Tue Jan 28 2020,7:00p,Warriors,104,Sixers,115,Box Score,,20854,
Tue Jan 28 2020,7:30p,Pelicans,125,Cavaliers,111,Box Score,,19432,
Tue Jan 28 2020,7:30p,Hawks,114,Raptors,130,Box Score,,19800,
Tue Jan 28 2020,8:00p,Nuggets,96,Grizzlies,104,Box Score,,14365,
Tue Jan 28 2020,8:00p,Celtics,109,Heat,101,Box Score,,19704,
Tue Jan 28 2020,8:00p,Wizards,131,Bucks,151,Box Score,,17681,
Tue Jan 28 2020,8:30p,Suns,133,Mavericks,104,Box Score,,20216,
Wed Jan 29 2020,7:00p,Bulls,106,Pacers,115,Box Score,OT,17923,
Wed Jan 29 2020,7:30p,Pistons,115,Nets,125,Box Score,,14275,
Wed Jan 29 2020,7:30p,Grizzlies,127,Knicks,106,Box Score,,18768,
Wed Jan 29 2020,8:30p,Jazz,120,Spurs,127,Box Score,,17887,
Wed Jan 29 2020,10:00p,Rockets,112,Blazers,125,Box Score,,19393,
Wed Jan 29 2020,10:00p,Thunder,120,Kings,100,Box Score,,16935,
Thu Jan 30 2020,7:00p,Raptors,115,Cavaliers,109,Box Score,,17695,
Thu Jan 30 2020,7:00p,Hornets,107,Wizards,121,Box Score,,15013,
Thu Jan 30 2020,7:30p,Sixers,117,Hawks,127,Box Score,,15227,
Thu Jan 30 2020,8:00p,Warriors,104,Celtics,119,Box Score,,19156,
Thu Jan 30 2020,10:30p,Jazz,100,Nuggets,106,Box Score,,19520,
Thu Jan 30 2020,10:30p,Kings,124,Clippers,103,Box Score,,19068,
Fri Jan 31 2020,7:00p,Raptors,105,Pistons,92,Box Score,,17356,
Fri Jan 31 2020,7:30p,Bulls,118,Nets,133,Box Score,,17732,
Fri Jan 31 2020,7:30p,Mavericks,121,Rockets,128,Box Score,,18055,
Fri Jan 31 2020,8:00p,Grizzlies,111,Pelicans,139,Box Score,,18362,
Fri Jan 31 2020,9:00p,Nuggets,127,Bucks,115,Box Score,,18141,
Fri Jan 31 2020,9:00p,Thunder,111,Suns,107,Box Score,,17260,
Fri Jan 31 2020,10:30p,Blazers,127,Lakers,119,Box Score,,18997,
Sat Feb 1 2020,3:30p,Timberwolves,106,Clippers,118,Box Score,,19068,
Sat Feb 1 2020,7:00p,Knicks,92,Pacers,85,Box Score,,17923,
Sat Feb 1 2020,7:00p,Heat,102,Magic,89,Box Score,,18846,
Sat Feb 1 2020,8:00p,Warriors,131,Cavaliers,112,Box Score,,18410,
Sat Feb 1 2020,8:00p,Nets,107,Wizards,113,Box Score,,18196,
Sat Feb 1 2020,8:30p,Sixers,95,Celtics,116,Box Score,,19156,
Sat Feb 1 2020,8:30p,Hawks,100,Mavericks,123,Box Score,,20328,
Sat Feb 1 2020,9:00p,Hornets,90,Spurs,114,Box Score,,18615,
Sat Feb 1 2020,10:00p,Lakers,129,Kings,113,Box Score,,17583,
Sat Feb 1 2020,10:30p,Jazz,107,Blazers,124,Box Score,,19603,
Sun Feb 2 2020,12:30p,Nuggets,123,Pistons,128,Box Score,OT,15488,
Sun Feb 2 2020,2:00p,Pelicans,109,Rockets,117,Box Score,,18055,
Sun Feb 2 2020,2:00p,Suns,108,Bucks,129,Box Score,,17754,
Sun Feb 2 2020,3:00p,Bulls,102,Raptors,129,Box Score,,19800,
Mon Feb 3 2020,7:00p,Magic,112,Hornets,100,Box Score,,12337,
Mon Feb 3 2020,7:00p,Knicks,139,Cavaliers,134,Box Score,OT,16303,
Mon Feb 3 2020,7:00p,Mavericks,112,Pacers,103,Box Score,,15086,
Mon Feb 3 2020,7:00p,Warriors,125,Wizards,117,Box Score,,17120,
Mon Feb 3 2020,7:30p,Celtics,123,Hawks,115,Box Score,,16231,
Mon Feb 3 2020,7:30p,Suns,97,Nets,119,Box Score,,14891,
Mon Feb 3 2020,7:30p,Sixers,106,Heat,137,Box Score,,19725,
Mon Feb 3 2020,8:00p,Pistons,82,Grizzlies,96,Box Score,,14597,
Mon Feb 3 2020,10:00p,Timberwolves,109,Kings,113,Box Score,,15819,
Mon Feb 3 2020,10:30p,Spurs,105,Clippers,108,Box Score,,19068,
Tue Feb 4 2020,7:30p,Bucks,120,Pelicans,108,Box Score,,15424,
Tue Feb 4 2020,8:00p,Hornets,110,Rockets,125,Box Score,,18055,
Tue Feb 4 2020,9:00p,Blazers,99,Nuggets,127,Box Score,,19520,
Tue Feb 4 2020,10:00p,Spurs,102,Lakers,129,Box Score,,18997,
Wed Feb 5 2020,7:00p,Suns,108,Pistons,116,Box Score,,13707,
Wed Feb 5 2020,7:30p,Magic,100,Celtics,116,Box Score,,19156,
Wed Feb 5 2020,7:30p,Warriors,88,Nets,129,Box Score,,14352,
Wed Feb 5 2020,7:30p,Pacers,118,Raptors,119,Box Score,,19800,
Wed Feb 5 2020,8:00p,Hawks,127,Timberwolves,120,Box Score,,10779,
Wed Feb 5 2020,8:00p,Cavaliers,103,Thunder,109,Box Score,,18203,
Wed Feb 5 2020,8:30p,Grizzlies,121,Mavericks,107,Box Score,,20069,
Wed Feb 5 2020,9:00p,Nuggets,98,Jazz,95,Box Score,,18306,
Wed Feb 5 2020,10:00p,Heat,111,Clippers,128,Box Score,,19068,
Thu Feb 6 2020,7:30p,Magic,103,Knicks,105,Box Score,,18895,
Thu Feb 6 2020,8:00p,Pelicans,125,Bulls,119,Box Score,,18247,
Thu Feb 6 2020,8:00p,Sixers,101,Bucks,112,Box Score,,17928,
Thu Feb 6 2020,10:00p,Spurs,117,Blazers,125,Box Score,,19653,
Thu Feb 6 2020,10:30p,Rockets,121,Lakers,111,Box Score,,18997,
Fri Feb 7 2020,7:00p,Grizzlies,107,Sixers,119,Box Score,,20779,
Fri Feb 7 2020,7:00p,Mavericks,118,Wizards,119,Box Score,,20476,
Fri Feb 7 2020,7:30p,Hawks,107,Celtics,112,Box Score,,19156,
Fri Feb 7 2020,8:00p,Raptors,115,Pacers,106,Box Score,,17028,
Fri Feb 7 2020,8:00p,Pistons,101,Thunder,108,Box Score,,18203,
Fri Feb 7 2020,9:00p,Rockets,91,Suns,127,Box Score,,17043,
Fri Feb 7 2020,10:00p,Heat,97,Kings,105,Box Score,,16760,
Fri Feb 7 2020,10:30p,Blazers,114,Jazz,117,Box Score,,18306,
Sat Feb 8 2020,5:00p,Bucks,111,Magic,95,Box Score,,16632,
Sat Feb 8 2020,7:00p,Mavericks,116,Hornets,100,Box Score,,19370,
Sat Feb 8 2020,7:00p,Knicks,95,Pistons,92,Box Score,,15980,
Sat Feb 8 2020,7:30p,Pelicans,124,Pacers,117,Box Score,,17923,
Sat Feb 8 2020,7:30p,Nets,118,Raptors,119,Box Score,,19800,
Sat Feb 8 2020,8:00p,Clippers,115,Timberwolves,142,Box Score,,18978,
Sat Feb 8 2020,8:30p,Lakers,125,Warriors,120,Box Score,,18064,
Sat Feb 8 2020,9:00p,Nuggets,117,Suns,108,Box Score,,16843,
Sat Feb 8 2020,10:00p,Spurs,102,Kings,122,Box Score,,16756,
Sun Feb 9 2020,3:30p,Celtics,112,Thunder,111,Box Score,,18203,
Sun Feb 9 2020,6:00p,Knicks,135,Hawks,140,Box Score,2OT,16309,
Sun Feb 9 2020,6:00p,Bulls,111,Sixers,118,Box Score,,21018,
Sun Feb 9 2020,6:00p,Grizzlies,106,Wizards,99,Box Score,,17251,
Sun Feb 9 2020,7:00p,Jazz,114,Rockets,113,Box Score,,18055,
Sun Feb 9 2020,7:30p,Clippers,133,Cavaliers,92,Box Score,,17240,
Sun Feb 9 2020,9:00p,Heat,109,Blazers,115,Box Score,,19726,
Mon Feb 10 2020,7:00p,Hornets,87,Pistons,76,Box Score,,13941,
Mon Feb 10 2020,7:00p,Nets,106,Pacers,105,Box Score,,16761,
Mon Feb 10 2020,7:00p,Hawks,126,Magic,135,Box Score,,17076,
Mon Feb 10 2020,7:30p,Timberwolves,126,Raptors,137,Box Score,,19800,
Mon Feb 10 2020,8:00p,Kings,111,Bucks,123,Box Score,,17463,
Mon Feb 10 2020,8:30p,Jazz,123,Mavericks,119,Box Score,,19793,
Mon Feb 10 2020,9:00p,Spurs,120,Nuggets,127,Box Score,,19520,
Mon Feb 10 2020,10:30p,Heat,113,Warriors,101,Box Score,,18064,
Mon Feb 10 2020,10:30p,Suns,100,Lakers,125,Box Score,,18997,
Tue Feb 11 2020,7:00p,Clippers,103,Sixers,110,Box Score,,20730,
Tue Feb 11 2020,7:00p,Bulls,114,Wizards,126,Box Score,,15135,
Tue Feb 11 2020,8:00p,Blazers,117,Pelicans,138,Box Score,,15739,
Tue Feb 11 2020,8:00p,Spurs,114,Thunder,106,Box Score,,18203,
Tue Feb 11 2020,9:30p,Celtics,105,Rockets,116,Box Score,,18055,
Wed Feb 12 2020,7:00p,Hawks,105,Cavaliers,127,Box Score,,16200,
Wed Feb 12 2020,7:00p,Pistons,112,Magic,116,Box Score,OT,16607,
Wed Feb 12 2020,7:30p,Raptors,91,Nets,101,Box Score,,15823,
Wed Feb 12 2020,7:30p,Bucks,111,Pacers,118,Box Score,,17018,
Wed Feb 12 2020,7:30p,Wizards,114,Knicks,96,Box Score,,18835,
Wed Feb 12 2020,8:00p,Blazers,104,Grizzlies,111,Box Score,,16889,
Wed Feb 12 2020,8:00p,Hornets,115,Timberwolves,108,Box Score,,18978,
Wed Feb 12 2020,8:30p,Kings,111,Mavericks,130,Box Score,,19842,
Wed Feb 12 2020,9:00p,Warriors,106,Suns,112,Box Score,,15216,
Wed Feb 12 2020,9:00p,Heat,101,Jazz,116,Box Score,,18306,
Wed Feb 12 2020,10:00p,Lakers,120,Nuggets,116,Box Score,OT,19860,
Thu Feb 13 2020,8:00p,Clippers,133,Celtics,141,Box Score,2OT,19156,
Thu Feb 13 2020,8:00p,Thunder,123,Pelicans,118,Box Score,,17865,
Thu Feb 20 2020,7:00p,Bucks,126,Pistons,106,Box Score,,16097,
Thu Feb 20 2020,7:30p,Heat,124,Hawks,129,Box Score,,17356,
Thu Feb 20 2020,8:00p,Hornets,103,Bulls,93,Box Score,,17463,
Thu Feb 20 2020,8:00p,Nets,104,Sixers,112,Box Score,OT,20806,
Thu Feb 20 2020,10:00p,Grizzlies,125,Kings,129,Box Score,,17078,
Thu Feb 20 2020,10:30p,Rockets,135,Warriors,105,Box Score,,18064,
Fri Feb 21 2020,7:00p,Mavericks,122,Magic,106,Box Score,,18846,
Fri Feb 21 2020,7:00p,Cavaliers,113,Wizards,108,Box Score,,18895,
Fri Feb 21 2020,7:30p,Pacers,106,Knicks,98,Box Score,,19812,
Fri Feb 21 2020,7:30p,Suns,101,Raptors,118,Box Score,,19800,
Fri Feb 21 2020,8:00p,Celtics,127,Timberwolves,117,Box Score,,18978,
Fri Feb 21 2020,8:00p,Nuggets,101,Thunder,113,Box Score,,18203,
Fri Feb 21 2020,9:00p,Spurs,113,Jazz,104,Box Score,,18306,
Fri Feb 21 2020,10:30p,Grizzlies,105,Lakers,117,Box Score,,18997,
Fri Feb 21 2020,10:30p,Pelicans,128,Blazers,115,Box Score,,19946,
Sat Feb 22 2020,3:30p,Kings,112,Clippers,103,Box Score,,19068,
Sat Feb 22 2020,7:00p,Nets,115,Hornets,86,Box Score,,19079,
Sat Feb 22 2020,7:30p,Mavericks,107,Hawks,111,Box Score,,17050,
Sat Feb 22 2020,8:00p,Suns,112,Bulls,104,Box Score,,20506,
Sat Feb 22 2020,8:00p,Cavaliers,105,Heat,124,Box Score,,19754,
Sat Feb 22 2020,8:30p,Sixers,98,Bucks,119,Box Score,,18290,
Sat Feb 22 2020,9:00p,Rockets,120,Jazz,110,Box Score,,18306,
Sun Feb 23 2020,3:30p,Celtics,112,Lakers,114,Box Score,,18997,
Sun Feb 23 2020,6:00p,Timberwolves,116,Nuggets,128,Box Score,,19626,
Sun Feb 23 2020,6:00p,Pacers,81,Raptors,127,Box Score,,19800,
Sun Feb 23 2020,7:00p,Wizards,117,Bulls,126,Box Score,,18024,
Sun Feb 23 2020,7:00p,Spurs,103,Thunder,131,Box Score,,18203,
Sun Feb 23 2020,8:30p,Pelicans,115,Warriors,101,Box Score,,18064,
Sun Feb 23 2020,9:00p,Pistons,104,Blazers,107,Box Score,,19393,
Mon Feb 24 2020,7:00p,Heat,119,Cavaliers,125,Box Score,OT,17336,
Mon Feb 24 2020,7:00p,Hawks,112,Sixers,129,Box Score,,20836,
Mon Feb 24 2020,7:00p,Bucks,137,Wizards,134,Box Score,OT,16580,
Mon Feb 24 2020,7:30p,Magic,115,Nets,113,Box Score,,16162,
Mon Feb 24 2020,8:00p,Knicks,112,Rockets,123,Box Score,,18055,
Mon Feb 24 2020,8:30p,Timberwolves,123,Mavericks,139,Box Score,,19936,
Mon Feb 24 2020,9:00p,Suns,131,Jazz,111,Box Score,,18306,
Mon Feb 24 2020,10:30p,Grizzlies,97,Clippers,124,Box Score,,19068,
Tue Feb 25 2020,7:00p,Hornets,80,Pacers,119,Box Score,,16088,
Tue Feb 25 2020,7:30p,Bucks,108,Raptors,97,Box Score,,19993,
Tue Feb 25 2020,8:00p,Thunder,124,Bulls,122,Box Score,,16911,
Tue Feb 25 2020,9:00p,Pistons,98,Nuggets,115,Box Score,,19143,
Tue Feb 25 2020,10:00p,Pelicans,109,Lakers,118,Box Score,,18997,
Tue Feb 25 2020,10:00p,Celtics,118,Blazers,106,Box Score,,19460,
Tue Feb 25 2020,10:30p,Kings,112,Warriors,94,Box Score,,18064,
Wed Feb 26 2020,7:00p,Knicks,101,Hornets,107,Box Score,,13152,
Wed Feb 26 2020,7:00p,Sixers,94,Cavaliers,108,Box Score,,16332,
Wed Feb 26 2020,7:00p,Nets,106,Wizards,110,Box Score,,15021,
Wed Feb 26 2020,7:30p,Magic,130,Hawks,120,Box Score,,14967,
Wed Feb 26 2020,7:30p,Timberwolves,129,Heat,126,Box Score,,19600,
Wed Feb 26 2020,8:00p,Grizzlies,112,Rockets,140,Box Score,,18055,
Wed Feb 26 2020,8:30p,Mavericks,109,Spurs,103,Box Score,,18354,
Wed Feb 26 2020,9:00p,Clippers,102,Suns,92,Box Score,,15157,
Wed Feb 26 2020,10:30p,Celtics,114,Jazz,103,Box Score,,18306,
Thu Feb 27 2020,7:00p,Knicks,106,Sixers,115,Box Score,,20175,
Thu Feb 27 2020,8:00p,Blazers,100,Pacers,106,Box Score,,16872,
Thu Feb 27 2020,8:00p,Kings,108,Thunder,112,Box Score,,18203,
Thu Feb 27 2020,10:30p,Lakers,116,Warriors,86,Box Score,,18064,
Fri Feb 28 2020,7:00p,Timberwolves,125,Magic,136,Box Score,,18846,
Fri Feb 28 2020,7:30p,Nets,118,Hawks,141,Box Score,,17034,
Fri Feb 28 2020,7:30p,Hornets,99,Raptors,96,Box Score,,19800,
Fri Feb 28 2020,8:00p,Kings,104,Grizzlies,101,Box Score,,17794,
Fri Feb 28 2020,8:00p,Mavericks,118,Heat,126,Box Score,,19704,
Fri Feb 28 2020,8:00p,Thunder,86,Bucks,133,Box Score,,18412,
Fri Feb 28 2020,8:00p,Cavaliers,104,Pelicans,116,Box Score,,18304,
Fri Feb 28 2020,9:00p,Pistons,113,Suns,111,Box Score,,17142,
Fri Feb 28 2020,9:00p,Wizards,119,Jazz,129,Box Score,,18306,
Fri Feb 28 2020,10:30p,Nuggets,103,Clippers,132,Box Score,,19068,
Sat Feb 29 2020,5:00p,Bulls,115,Knicks,125,Box Score,,19812,
Sat Feb 29 2020,7:30p,Blazers,117,Hawks,129,Box Score,,17765,
Sat Feb 29 2020,7:30p,Nets,113,Heat,116,Box Score,,19600,
Sat Feb 29 2020,8:00p,Pacers,113,Cavaliers,104,Box Score,,19432,
Sat Feb 29 2020,8:00p,Lakers,88,Grizzlies,105,Box Score,,17794,
Sat Feb 29 2020,8:30p,Rockets,111,Celtics,110,Box Score,OT,19156,
Sat Feb 29 2020,8:30p,Magic,113,Spurs,114,Box Score,,18354,
Sat Feb 29 2020,9:00p,Warriors,115,Suns,99,Box Score,,16395,
Sun Mar 1 2020,1:00p,Bucks,93,Hornets,85,Box Score,,19149,
Sun Mar 1 2020,3:30p,Sixers,130,Clippers,136,Box Score,,19068,
Sun Mar 1 2020,3:30p,Mavericks,111,Timberwolves,91,Box Score,,18058,
Sun Mar 1 2020,6:00p,Raptors,118,Nuggets,133,Box Score,,19777,
Sun Mar 1 2020,6:00p,Pistons,100,Kings,106,Box Score,,17499,
Sun Mar 1 2020,8:00p,Lakers,122,Pelicans,114,Box Score,,18547,
Sun Mar 1 2020,8:30p,Wizards,124,Warriors,110,Box Score,,18064,
Mon Mar 2 2020,7:00p,Jazz,126,Cavaliers,113,Box Score,,15453,
Mon Mar 2 2020,7:00p,Rockets,123,Knicks,125,Box Score,,18142,
Mon Mar 2 2020,7:00p,Blazers,130,Magic,107,Box Score,,18078,
Mon Mar 2 2020,7:30p,Grizzlies,127,Hawks,88,Box Score,,16207,
Mon Mar 2 2020,7:30p,Bucks,89,Heat,105,Box Score,,19600,
Mon Mar 2 2020,8:00p,Mavericks,107,Bulls,109,Box Score,,18407,
Mon Mar 2 2020,8:30p,Pacers,116,Spurs,111,Box Score,,17635,
Tue Mar 3 2020,7:00p,Spurs,104,Hornets,103,Box Score,,12008,
Tue Mar 3 2020,7:30p,Nets,129,Celtics,120,Box Score,OT,19156,
Tue Mar 3 2020,8:00p,Timberwolves,139,Pelicans,134,Box Score,,15264,
Tue Mar 3 2020,8:00p,Clippers,109,Thunder,94,Box Score,,18203,
Tue Mar 3 2020,9:00p,Warriors,116,Nuggets,100,Box Score,,19520,
Tue Mar 3 2020,9:00p,Raptors,123,Suns,114,Box Score,,15553,
Tue Mar 3 2020,10:00p,Sixers,107,Lakers,120,Box Score,,18997,
Tue Mar 3 2020,10:00p,Wizards,126,Kings,133,Box Score,,16419,
Wed Mar 4 2020,7:00p,Celtics,112,Cavaliers,106,Box Score,,16897,
Wed Mar 4 2020,7:00p,Thunder,114,Pistons,107,Box Score,,15138,
Wed Mar 4 2020,7:00p,Pacers,100,Bucks,119,Box Score,,17695,
Wed Mar 4 2020,7:30p,Grizzlies,118,Nets,79,Box Score,,16941,
Wed Mar 4 2020,7:30p,Jazz,112,Knicks,104,Box Score,,16588,
Wed Mar 4 2020,7:30p,Magic,113,Heat,116,Box Score,,19600,
Wed Mar 4 2020,8:00p,Bulls,108,Timberwolves,115,Box Score,,13392,
Wed Mar 4 2020,9:30p,Pelicans,123,Mavericks,127,Box Score,OT,20459,
Wed Mar 4 2020,10:00p,Wizards,104,Blazers,125,Box Score,,19393,
Thu Mar 5 2020,7:00p,Nuggets,114,Hornets,112,Box Score,,13311,
Thu Mar 5 2020,8:00p,Clippers,120,Rockets,105,Box Score,,18055,
Thu Mar 5 2020,10:00p,Sixers,125,Kings,108,Box Score,,15485,
Thu Mar 5 2020,10:30p,Raptors,121,Warriors,113,Box Score,,18064,
Fri Mar 6 2020,7:00p,Hawks,112,Wizards,118,Box Score,,17856,
Fri Mar 6 2020,7:30p,Spurs,120,Nets,139,Box Score,,16277,
Fri Mar 6 2020,7:30p,Thunder,126,Knicks,103,Box Score,,19499,
Fri Mar 6 2020,8:00p,Pacers,108,Bulls,102,Box Score,,20229,
Fri Mar 6 2020,8:00p,Magic,132,Timberwolves,118,Box Score,,14315,
Fri Mar 6 2020,8:00p,Heat,104,Pelicans,110,Box Score,,18384,
Fri Mar 6 2020,8:00p,Jazz,99,Celtics,94,Box Score,,19156,
Fri Mar 6 2020,8:30p,Grizzlies,96,Mavericks,121,Box Score,,20370,
Fri Mar 6 2020,9:00p,Blazers,117,Suns,127,Box Score,,15522,
Fri Mar 6 2020,10:30p,Bucks,103,Lakers,113,Box Score,,18997,
Sat Mar 7 2020,5:00p,Rockets,99,Hornets,108,Box Score,,19159,
Sat Mar 7 2020,7:00p,Jazz,111,Pistons,105,Box Score,,16590,
Sat Mar 7 2020,7:30p,Nuggets,102,Cavaliers,104,Box Score,,19432,
Sat Mar 7 2020,8:00p,Hawks,101,Grizzlies,118,Box Score,,17117,
Sat Mar 7 2020,8:30p,Sixers,114,Warriors,118,Box Score,,18064,
Sat Mar 7 2020,10:00p,Kings,123,Blazers,111,Box Score,,19691,
Sun Mar 8 2020,3:00p,Bulls,107,Nets,110,Box Score,,15916,
Sun Mar 8 2020,3:30p,Pelicans,120,Timberwolves,107,Box Score,,18978,
Sun Mar 8 2020,3:30p,Lakers,112,Clippers,103,Box Score,,19068,
Sun Mar 8 2020,6:00p,Thunder,105,Celtics,104,Box Score,,19156,
Sun Mar 8 2020,6:00p,Bucks,131,Suns,140,Box Score,,17282,
Sun Mar 8 2020,7:00p,Heat,100,Wizards,89,Box Score,,18135,
Sun Mar 8 2020,7:00p,Pacers,112,Mavericks,109,Box Score,,20324,
Sun Mar 8 2020,7:00p,Magic,126,Rockets,106,Box Score,,18055,
Sun Mar 8 2020,7:30p,Pistons,84,Knicks,96,Box Score,,18361,
Sun Mar 8 2020,7:30p,Spurs,129,Cavaliers,132,Box Score,OT,17995,
Sun Mar 8 2020,9:00p,Raptors,118,Kings,113,Box Score,,16449,
Mon Mar 9 2020,7:30p,Hornets,138,Hawks,143,Box Score,2OT,14399,
Mon Mar 9 2020,9:00p,Bucks,95,Nuggets,109,Box Score,,19838,
Mon Mar 9 2020,9:00p,Raptors,101,Jazz,92,Box Score,,18306,
Tue Mar 10 2020,7:00p,Knicks,115,Wizards,122,Box Score,,15048,
Tue Mar 10 2020,7:00p,Celtics,114,Pacers,111,Box Score,,17053,
Tue Mar 10 2020,8:00p,Timberwolves,111,Rockets,117,Box Score,,18055,
Tue Mar 10 2020,8:00p,Mavericks,109,Spurs,119,Box Score,,18354,
Tue Mar 10 2020,8:00p,Magic,120,Grizzlies,115,Box Score,,15388,
Tue Mar 10 2020,8:00p,Cavaliers,103,Bulls,108,Box Score,,17837,
Tue Mar 10 2020,10:00p,Suns,105,Blazers,121,Box Score,,19393,
Tue Mar 10 2020,10:30p,Nets,104,Lakers,102,Box Score,,18997,
Tue Mar 10 2020,10:30p,Clippers,131,Warriors,107,Box Score,,18064,
Wed Mar 11 2020,7:00p,Pistons,106,Sixers,124,Box Score,,20172,
Wed Mar 11 2020,7:30p,Knicks,136,Hawks,131,Box Score,OT,15393,
Wed Mar 11 2020,7:30p,Hornets,109,Heat,98,Box Score,,19600,
Wed Mar 11 2020,8:00p,Nuggets,97,Mavericks,113,Box Score,,20302,